LDL cholesterol	rs599839	1E-33
LDL cholesterol	rs599839	6E-33
LDL cholesterol	rs2254287	5E-8
LDL cholesterol	rs599839	1E-7
LDL cholesterol	rs6589566	3E-11
LDL cholesterol	rs780094	5E-7
LDL cholesterol	rs4420638	1E-20
LDL cholesterol	rs562338	1E-9
LDL cholesterol	rs6511720	4E-26
LDL cholesterol	rs11206510	4E-11
LDL cholesterol	rs4420638	3E-43
LDL cholesterol	rs562338	6E-22
LDL cholesterol	rs16996148	3E-9
LDL cholesterol	rs7703051	1E-8
LDL cholesterol	rs4420638	2E-7
LDL cholesterol	rs12670798	6E-9
LDL cholesterol	rs6756629	3E-10
LDL cholesterol	rs174570	4E-13
LDL cholesterol	rs10889353	8E-6
LDL cholesterol	rs646776	8E-23
LDL cholesterol	rs693	4E-17
LDL cholesterol	rs3846662	2E-11
LDL cholesterol	rs6987702	3E-6
LDL cholesterol	rs12272004	5E-13
LDL cholesterol	rs2228671	4E-14
LDL cholesterol	rs2304130	3E-6
LDL cholesterol	rs157580	2E-19
LDL cholesterol	rs646776	2E-12
LDL cholesterol	rs4844614	2E-7
LDL cholesterol	rs693	3E-11
LDL cholesterol	rs174546	1E-7
LDL cholesterol	rs157580	5E-8
LDL cholesterol	rs5031002	2E-7
LDL cholesterol	rs11668477	2E-7
LDL cholesterol	rs6544713	2E-20
LDL cholesterol	rs1501908	1E-11
LDL cholesterol	rs6102059	4E-9
LDL cholesterol	rs2650000	2E-8
LDL cholesterol	rs12740374	2E-42
LDL cholesterol	rs515135	5E-29
LDL cholesterol	rs4420638	4E-27
LDL cholesterol	rs6511720	2E-26
LDL cholesterol	rs3846663	8E-12
LDL cholesterol	rs10401969	2E-8
LDL cholesterol	rs11206510	4E-8
LDL cholesterol	rs629301	1E-170
LDL cholesterol	rs4420638	9E-147
LDL cholesterol	rs6511720	4E-117
LDL cholesterol	rs1367117	4E-114
LDL cholesterol	rs4299376	2E-47
LDL cholesterol	rs12916	5E-45
LDL cholesterol	rs2954029	3E-29
LDL cholesterol	rs2479409	2E-28
LDL cholesterol	rs964184	1E-26
LDL cholesterol	rs2000999	2E-22
LDL cholesterol	rs6882076	2E-22
LDL cholesterol	rs10401969	7E-22
LDL cholesterol	rs635634	8E-22
LDL cholesterol	rs174546	1E-21
LDL cholesterol	rs6029526	3E-19
LDL cholesterol	rs2131925	3E-18
LDL cholesterol	rs1564348	2E-17
LDL cholesterol	rs1169288	1E-15
LDL cholesterol	rs11220462	1E-15
LDL cholesterol	rs3177928	2E-15
LDL cholesterol	rs9987289	7E-15
LDL cholesterol	rs11136341	4E-13
LDL cholesterol	rs3764261	9E-13
LDL cholesterol	rs514230	9E-12
LDL cholesterol	rs3757354	1E-11
LDL cholesterol	rs2072183	4E-11
LDL cholesterol	rs8017377	4E-11
LDL cholesterol	rs2642442	6E-11
LDL cholesterol	rs12027135	1E-10
LDL cholesterol	rs1800562	6E-10
LDL cholesterol	rs12670798	7E-10
LDL cholesterol	rs11065987	2E-9
LDL cholesterol	rs2255141	2E-9
LDL cholesterol	rs9488822	3E-9
LDL cholesterol	rs2081687	4E-9
LDL cholesterol	rs7206971	4E-9
LDL cholesterol	rs2902940	1E-8
LDL cholesterol	rs2142672	2E-8
LDL cholesterol	rs11206510	1E-10
LDL cholesterol	rs660240	1E-26
LDL cholesterol	rs515135	2E-20
LDL cholesterol	rs12916	1E-11
LDL cholesterol	rs2954021	1E-7
LDL cholesterol	rs1558861	2E-6
LDL cholesterol	rs2738459	7E-6
LDL cholesterol	rs10401969	1E-11
LDL cholesterol	rs4420638	2E-40
LDL cholesterol	rs2126259	7E-12
LDL cholesterol	rs4971516	2E-40
LDL cholesterol	rs4971516	2E-52
LDL cholesterol	rs7412	2E-9
LDL cholesterol	rs17111684	2E-17
LDL cholesterol	rs12713956	4E-8
LDL cholesterol	rs4245791	1E-9
LDL cholesterol	rs17249141	2E-17
LDL cholesterol	rs1160985	2E-21
LDL cholesterol	rs6511720	3E-115
LDL cholesterol	rs4299376	4E-72
LDL cholesterol	rs9411489	2E-41
LDL cholesterol	rs17404153	2E-9
LDL cholesterol	rs2131925	3E-32
LDL cholesterol	rs267733	5E-9
LDL cholesterol	rs964184	2E-26
LDL cholesterol	rs1367117	1E-182
LDL cholesterol	rs4420638	2E-178
LDL cholesterol	rs1801689	1E-11
LDL cholesterol	rs11065987	1E-11
LDL cholesterol	rs4942486	2E-11
LDL cholesterol	rs3764261	2E-34
LDL cholesterol	rs10401969	3E-54
LDL cholesterol	rs7640978	1E-8
LDL cholesterol	rs4530754	4E-12
LDL cholesterol	rs2081687	1E-7
LDL cholesterol	rs314253	3E-10
LDL cholesterol	rs12670798	5E-14
LDL cholesterol	rs2710642	6E-9
LDL cholesterol	rs174546	2E-39
LDL cholesterol	rs1250229	3E-8
LDL cholesterol	rs9488822	2E-7
LDL cholesterol	rs2255141	1E-13
LDL cholesterol	rs1800562	8E-14
LDL cholesterol	rs3177928	3E-17
LDL cholesterol	rs12916	8E-78
LDL cholesterol	rs1169288	6E-21
LDL cholesterol	rs2000999	4E-41
LDL cholesterol	rs10490626	2E-12
LDL cholesterol	rs514230	9E-12
LDL cholesterol	rs6511720	4E-262
LDL cholesterol	rs12027135	2E-14
LDL cholesterol	rs2030746	9E-9
LDL cholesterol	rs1564348	3E-21
LDL cholesterol	rs6831256	2E-8
LDL cholesterol	rs2902940	2E-11
LDL cholesterol	rs4722551	4E-14
LDL cholesterol	rs2642442	5E-11
LDL cholesterol	rs5763662	1E-8
LDL cholesterol	rs3757354	2E-17
LDL cholesterol	rs2072183	7E-16
LDL cholesterol	rs8017377	3E-15
LDL cholesterol	rs7206971	3E-7
LDL cholesterol	rs2479409	3E-50
LDL cholesterol	rs12748152	3E-12
LDL cholesterol	rs11136341	7E-12
LDL cholesterol	rs4253772	3E-8
LDL cholesterol	rs9987289	9E-24
LDL cholesterol	rs2328223	6E-9
LDL cholesterol	rs629301	5E-241
LDL cholesterol	rs10102164	4E-11
LDL cholesterol	rs364585	4E-10
LDL cholesterol	rs11220462	7E-21
LDL cholesterol	rs6882076	3E-31
LDL cholesterol	rs6029526	5E-18
LDL cholesterol	rs2954029	2E-50
LDL cholesterol	rs11563251	5E-8
LDL cholesterol	rs3780181	2E-9
LDL cholesterol	rs11684202	6E-6
LDL cholesterol	rs2080401	7E-6
LDL cholesterol	rs10895547	3E-6
LDL cholesterol	rs12595292	9E-6
LDL cholesterol	rs16971384	5E-6
LDL cholesterol	rs11671653	9E-7
LDL cholesterol	rs7569328	1E-7
LDL cholesterol	rs5904726	9E-6
LDL cholesterol	rs13161895	4E-7
LDL cholesterol	rs12740374	9E-29
LDL cholesterol	rs744487	5E-6
LDL cholesterol	rs13015955	4E-7
LDL cholesterol	rs11920719	4E-6
LDL cholesterol	rs7203193	3E-6
LDL cholesterol	rs11669133	1E-8
LDL cholesterol	rs503662	3E-9
LDL cholesterol	rs6511720	7E-8
LDL cholesterol	rs1065853	5E-324
LDL cholesterol	rs10889348	2E-11
LDL cholesterol	rs11164654	2E-8
LDL cholesterol	rs112374545	7E-142
LDL cholesterol	rs112875651	4E-26
LDL cholesterol	rs1129555	5E-7
LDL cholesterol	rs114067101	8E-13
LDL cholesterol	rs11591147	2E-92
LDL cholesterol	rs11621792	2E-8
LDL cholesterol	rs11648003	2E-20
LDL cholesterol	rs1169314	2E-8
LDL cholesterol	rs11784833	2E-10
LDL cholesterol	rs140244541	6E-9
LDL cholesterol	rs1553318	2E-15
LDL cholesterol	rs174551	2E-27
LDL cholesterol	rs186696265	4E-14
LDL cholesterol	rs1883711	4E-16
LDL cholesterol	rs2169387	3E-16
LDL cholesterol	rs2297374	5E-6
LDL cholesterol	rs247617	2E-24
LDL cholesterol	rs2618568	7E-15
LDL cholesterol	rs2920503	3E-10
LDL cholesterol	rs3757354	2E-9
LDL cholesterol	rs3843482	2E-45
LDL cholesterol	rs41279633	1E-10
LDL cholesterol	rs4307732	3E-12
LDL cholesterol	rs514230	1E-11
LDL cholesterol	rs515135	2E-63
LDL cholesterol	rs550057	6E-20
LDL cholesterol	rs55714927	9E-12
LDL cholesterol	rs56130071	2E-14
LDL cholesterol	rs586178	4E-9
LDL cholesterol	rs646776	2E-91
LDL cholesterol	rs7206971	4E-10
LDL cholesterol	rs72875462	2E-35
LDL cholesterol	rs73001065	3E-23
LDL cholesterol	rs77542162	2E-18
LDL cholesterol	rs79598313	7E-10
LDL cholesterol	rs9297994	2E-11
LDL cholesterol	rs964184	4E-18
LDL cholesterol	rs79588679	4E-8
LDL cholesterol	rs117492019	1E-8
LDL cholesterol	rs182616603	2E-12
LDL cholesterol	rs660240	1E-28
LDL cholesterol	rs13392272	2E-12
LDL cholesterol	rs2238675	2E-8
LDL cholesterol	rs4791641	1E-8
LDL cholesterol	rs646776	3E-29
LDL cholesterol	rs16996148	3E-8
LDL cholesterol	rs4420638	1E-60
LDL cholesterol	rs6511720	2E-51
LDL cholesterol	rs11591147	2E-44
LDL cholesterol	rs12654264	1E-20
LDL cholesterol	rs693	1E-21
LDL cholesterol	rs7525649	3E-11
LDL cholesterol	rs312949	3E-6
LDL cholesterol	rs6871667	7E-13
LDL cholesterol	rs9357121	3E-10
LDL cholesterol	rs579459	6E-13
LDL cholesterol	rs12927205	8E-7
LDL cholesterol	rs7258950	1E-24
LDL cholesterol	Chr1:63050598	1E-12
LDL cholesterol	Chr1:109818306	2E-88
LDL cholesterol	Chr1:220970593	4E-7
LDL cholesterol	Chr1:234858597	1E-9
LDL cholesterol	Chr2:44072576	3E-28
LDL cholesterol	Chr5:74656539	8E-28
LDL cholesterol	Chr5:156390297	6E-16
LDL cholesterol	Chr6:16127407	3E-6
LDL cholesterol	Chr6:32412435	2E-6
LDL cholesterol	Chr7:44600695	2E-9
LDL cholesterol	Chr8:9185146	2E-11
LDL cholesterol	Chr8:126482621	6E-16
LDL cholesterol	Chr8:145043543	7E-6
LDL cholesterol	Chr9:136154304	5E-11
LDL cholesterol	Chr6:160578860	3E-10
LDL cholesterol	Chr2:21263900	3E-67
LDL cholesterol	Chr1:55504650	6E-12
LDL cholesterol	chr11:61609750	1E-11
LDL cholesterol	Chr11:116648917	1E-14
LDL cholesterol	Chr11:126243952	6E-9
LDL cholesterol	Chr12:121416650	1E-8
LDL cholesterol	Chr16:56989590	6E-8
LDL cholesterol	Chr16:72108093	3E-15
LDL cholesterol	Chr19:11202306	4E-75
LDL cholesterol	Chr19:19407718	7E-12
LDL cholesterol	Chr19:45422946	2E-75
LDL cholesterol	Chr20:39936815	4E-9
LDL cholesterol	chr2:63149557	2E-7
LDL cholesterol	chr20:12962718	4E-7
LDL cholesterol	chr20:17845921	4E-9
LDL cholesterol	chr7:25991826	4E-7
