Obesity	rs4833407	1E-6
Obesity	rs4864201	2E-7
Obesity	rs9568856	2E-9
Obesity	rs9299	4E-9
Obesity	rs17697518	7E-7
Obesity	rs1558902	1E-7
Obesity	rs17817449	2E-12
Obesity	rs16867321	2E-6
Obesity	rs925642	7E-6
Obesity	rs17126232	4E-7
Obesity	rs10953454	7E-7
Obesity	rs17126232	2E-7
Obesity	rs9923451	8E-7
Obesity	rs5762430	7E-7
Obesity	rs11088859	4E-8
Obesity	rs17126232	8E-8
Obesity	rs17081231	7E-7
Obesity	rs7581710	2E-7
Obesity	rs2807278	3E-7
Obesity	rs11624704	3E-9
Obesity	rs2116830	3E-10
Obesity	rs988712	5E-17
Obesity	rs259067	1E-6
Obesity	rs7784447	4E-6
Obesity	rs1704198	4E-7
Obesity	rs4735692	4E-10
Obesity	rs7503807	2E-8
Obesity	rs1558902	2E-81
Obesity	rs6711012	6E-35
Obesity	rs13130484	4E-28
Obesity	rs10871777	2E-27
Obesity	rs633715	7E-20
Obesity	rs2030323	5E-17
Obesity	rs2568958	4E-16
Obesity	rs2206277	7E-16
Obesity	rs9816226	2E-14
Obesity	rs10182181	3E-14
Obesity	rs12446554	4E-12
Obesity	rs7498665	5E-12
Obesity	rs8028313	1E-11
Obesity	rs13078807	3E-11
Obesity	rs10875976	2E-10
Obesity	rs6731302	2E-9
Obesity	rs2370983	3E-9
Obesity	rs1514174	1E-8
Obesity	rs2112347	1E-8
Obesity	rs7989336	1E-8
Obesity	rs17381664	3E-8
Obesity	rs17024258	9E-12
Obesity	rs4735692	2E-9
Obesity	rs13041126	2E-8
Obesity	rs2531995	4E-8
Obesity	rs8043757	5E-110
Obesity	rs6711012	3E-40
Obesity	rs538656	2E-36
Obesity	rs10938397	3E-34
Obesity	rs633715	9E-23
Obesity	rs2030323	3E-22
Obesity	rs2206277	5E-22
Obesity	rs7138803	1E-20
Obesity	rs10182181	1E-17
Obesity	rs7141420	1E-17
Obesity	rs7531118	2E-17
Obesity	rs1800437	3E-14
Obesity	rs9816226	2E-13
Obesity	rs7498665	3E-13
Obesity	rs8028313	6E-13
Obesity	rs2307111	3E-12
Obesity	rs11042023	1E-11
Obesity	rs887912	1E-10
Obesity	rs12446632	2E-10
Obesity	rs1514177	5E-9
Obesity	rs10968576	3E-8
Obesity	rs7185735	1E-79
Obesity	rs10189761	6E-24
Obesity	rs11152213	3E-22
Obesity	rs2207139	3E-19
Obesity	rs633715	4E-19
Obesity	rs13130484	3E-18
Obesity	rs7138803	1E-16
Obesity	rs3101336	1E-13
Obesity	rs10423928	4E-13
Obesity	rs2030323	6E-11
Obesity	rs1412239	2E-10
Obesity	rs9568867	2E-9
Obesity	rs1516725	3E-9
Obesity	rs2112347	4E-9
Obesity	rs11639988	4E-9
Obesity	rs887912	6E-9
Obesity	rs7184597	7E-9
Obesity	rs1421085	6E-39
Obesity	rs10508503	2E-7
Obesity	rs1421085	1E-28
Obesity	rs1421085	7E-18
Obesity	rs1421085	5E-13
Obesity	rs1424233	4E-13
Obesity	rs1424233	2E-6
Obesity	rs1424233	2E-8
Obesity	rs17782313	5E-15
Obesity	rs17782313	2E-8
Obesity	rs17782313	4E-9
Obesity	rs1805081	3E-7
Obesity	rs1805081	8E-8
Obesity	rs4712652	3E-7
