Schizophrenia	rs11064768	1E-6
Schizophrenia	rs4129148	4E-7
Schizophrenia	rs1344706	2E-7
Schizophrenia	rs1602565	3E-6
Schizophrenia	rs7192086	6E-6
Schizophrenia	rs7341475	9E-7
Schizophrenia	rs16977195	2E-6
Schizophrenia	rs10911902	2E-6
Schizophrenia	rs4846033	4E-6
Schizophrenia	rs9512730	5E-6
Schizophrenia	rs151222	6E-6
Schizophrenia	rs2159767	7E-6
Schizophrenia	rs13194053	1E-8
Schizophrenia	rs9272219	7E-8
Schizophrenia	rs2312147	3E-7
Schizophrenia	rs1502844	1E-6
Schizophrenia	rs6932590	1E-12
Schizophrenia	rs1572299	4E-6
Schizophrenia	rs12807809	2E-9
Schizophrenia	rs9960767	4E-9
Schizophrenia	rs3131296	2E-10
Schizophrenia	rs7544736	6E-7
Schizophrenia	rs6782299	1E-7
Schizophrenia	rs13194053	1E-8
Schizophrenia	rs17594526	1E-7
Schizophrenia	rs16915157	5E-6
Schizophrenia	rs7914558	2E-8
Schizophrenia	rs11191580	3E-8
Schizophrenia	rs4356203	1E-7
Schizophrenia	rs548181	1E-6
Schizophrenia	rs10894294	3E-6
Schizophrenia	rs4765905	2E-6
Schizophrenia	rs1869901	3E-6
Schizophrenia	rs4775413	2E-6
Schizophrenia	rs12966547	3E-8
Schizophrenia	rs17512836	1E-6
Schizophrenia	rs1625579	2E-11
Schizophrenia	rs1009080	3E-6
Schizophrenia	rs2252865	3E-6
Schizophrenia	rs6703335	5E-8
Schizophrenia	rs17662626	5E-8
Schizophrenia	rs13025591	6E-6
Schizophrenia	rs11130874	2E-6
Schizophrenia	rs2239547	6E-8
Schizophrenia	rs4624519	2E-7
Schizophrenia	rs1879248	7E-6
Schizophrenia	rs2021722	2E-12
Schizophrenia	rs12699131	2E-6
Schizophrenia	rs10503253	2E-8
Schizophrenia	rs7004633	2E-7
Schizophrenia	rs1635	7E-12
Schizophrenia	rs11038167	1E-11
Schizophrenia	rs10489202	1E-8
Schizophrenia	rs16887244	1E-10
Schizophrenia	rs7017212	4E-6
Schizophrenia	rs1412115	6E-6
Schizophrenia	rs4803480	1E-7
Schizophrenia	rs7045881	2E-6
Schizophrenia	rs433598	3E-6
Schizophrenia	rs10761482	8E-6
Schizophrenia	rs17693963	3E-11
Schizophrenia	rs11191580	2E-9
Schizophrenia	rs12666575	2E-9
Schizophrenia	rs7709645	4E-8
Schizophrenia	rs7004633	6E-8
Schizophrenia	rs13025591	8E-8
Schizophrenia	rs4765905	1E-7
Schizophrenia	rs4765905	2E-7
Schizophrenia	rs12592967	3E-7
Schizophrenia	rs10894294	3E-7
Schizophrenia	rs1198588	5E-7
Schizophrenia	rs12071951	5E-7
Schizophrenia	rs11220082	7E-7
Schizophrenia	rs16915157	7E-7
Schizophrenia	rs10503256	9E-7
Schizophrenia	rs2523722	1E-16
Schizophrenia	rs9611198	8E-6
Schizophrenia	rs589249	3E-7
Schizophrenia	rs3132935	3E-7
Schizophrenia	rs7897654	3E-7
Schizophrenia	rs138880	2E-7
Schizophrenia	rs12140439	1E-6
Schizophrenia	rs4381823	6E-6
Schizophrenia	rs17203055	5E-6
Schizophrenia	rs16897515	4E-7
Schizophrenia	rs3132935	5E-7
Schizophrenia	rs6917824	4E-6
Schizophrenia	rs1261117	3E-10
Schizophrenia	rs12611334	2E-6
Schizophrenia	rs7930295	3E-6
Schizophrenia	rs1046089	4E-6
Schizophrenia	rs12922317	9E-7
Schizophrenia	rs10429924	1E-6
Schizophrenia	rs3847375	1E-6
Schizophrenia	rs12210050	3E-6
Schizophrenia	rs12426725	4E-6
Schizophrenia	rs16869652	5E-6
Schizophrenia	rs1170612	6E-6
Schizophrenia	rs2726807	6E-6
Schizophrenia	rs16934812	7E-6
Schizophrenia	rs2048485	8E-6
Schizophrenia	rs12210050	4E-6
Schizophrenia	rs1170612	9E-6
Schizophrenia	rs7527939	6E-9
Schizophrenia	rs7233060	3E-7
Schizophrenia	rs17206232	1E-6
Schizophrenia	rs2323266	3E-6
Schizophrenia	rs10900020	3E-6
Schizophrenia	rs10052004	4E-6
Schizophrenia	rs959770	9E-6
Schizophrenia	rs11699237	3E-6
Schizophrenia	rs1455244	3E-6
Schizophrenia	rs7172342	4E-6
Schizophrenia	rs4530903	5E-6
Schizophrenia	rs1920592	1E-6
Schizophrenia	rs4798896	4E-6
Schizophrenia	rs489332	6E-6
Schizophrenia	rs1351267	7E-6
Schizophrenia	rs10924245	7E-6
Schizophrenia	rs17290922	8E-6
Schizophrenia	rs114002140	9E-14
Schizophrenia	rs7085104	4E-13
Schizophrenia	rs6461049	6E-13
Schizophrenia	rs1198588	2E-12
Schizophrenia	rs1006737	5E-12
Schizophrenia	rs17691888	1E-10
Schizophrenia	rs4129585	2E-10
Schizophrenia	rs10789369	4E-10
Schizophrenia	rs7940866	2E-9
Schizophrenia	rs17504622	3E-9
Schizophrenia	rs2905424	3E-9
Schizophrenia	rs2373000	7E-9
Schizophrenia	rs6878284	9E-9
Schizophrenia	rs4687552	1E-8
Schizophrenia	rs12991836	1E-8
Schizophrenia	rs2949006	1E-8
Schizophrenia	rs4801131	1E-8
Schizophrenia	rs778371	2E-8
Schizophrenia	rs14403	2E-8
Schizophrenia	rs11532322	2E-8
Schizophrenia	rs11995572	3E-8
Schizophrenia	rs171748	4E-8
Schizophrenia	rs4380187	6E-8
Schizophrenia	rs4523957	6E-8
Schizophrenia	rs6550435	6E-8
Schizophrenia	rs2269372	4E-8
Schizophrenia	rs11098403	3E-8
Schizophrenia	rs1538774	3E-8
Schizophrenia	rs2910032	4E-8
Schizophrenia	rs4757144	5E-6
Schizophrenia	rs8057927	1E-6
Schizophrenia	rs4648845	9E-10
Schizophrenia	rs1498232	3E-9
Schizophrenia	rs11210892	3E-10
Schizophrenia	rs12129573	2E-12
Schizophrenia	rs1702294	3E-19
Schizophrenia	rs140505938	4E-10
Schizophrenia	rs6670165	4E-8
Schizophrenia	rs7523273	4E-8
Schizophrenia	rs77149735	4E-9
Schizophrenia	rs11682175	1E-11
Schizophrenia	rs3768644	7E-9
Schizophrenia	rs2909457	5E-8
Schizophrenia	rs11693094	2E-12
Schizophrenia	rs59979824	8E-9
Schizophrenia	rs6434928	2E-11
Schizophrenia	rs6704641	8E-9
Schizophrenia	rs11685299	1E-8
Schizophrenia	rs6704768	2E-12
Schizophrenia	rs17194490	3E-11
Schizophrenia	rs4330281	5E-9
Schizophrenia	rs75968099	1E-13
Schizophrenia	rs2535627	4E-11
Schizophrenia	rs832187	1E-8
Schizophrenia	rs7432375	7E-11
Schizophrenia	rs9841616	2E-8
Schizophrenia	rs215411	3E-8
Schizophrenia	rs35518360	8E-15
Schizophrenia	rs10520163	1E-9
Schizophrenia	rs1106568	9E-9
Schizophrenia	rs1501357	5E-9
Schizophrenia	rs4391122	1E-14
Schizophrenia	rs16867576	5E-9
Schizophrenia	rs4388249	3E-8
Schizophrenia	rs3849046	5E-9
Schizophrenia	rs111294930	1E-10
Schizophrenia	rs11740474	3E-8
Schizophrenia	rs115329265	3E-31
Schizophrenia	rs1339227	3E-8
Schizophrenia	rs117074560	2E-9
Schizophrenia	rs12704290	3E-10
Schizophrenia	rs6466055	1E-9
Schizophrenia	rs13240464	3E-13
Schizophrenia	rs7801375	4E-8
Schizophrenia	rs3735025	3E-9
Schizophrenia	rs10503253	1E-8
Schizophrenia	rs73229090	2E-8
Schizophrenia	rs6984242	6E-9
Schizophrenia	rs7819570	1E-8
Schizophrenia	rs36068923	3E-11
Schizophrenia	rs4129585	2E-15
Schizophrenia	rs11139497	4E-9
Schizophrenia	rs7893279	2E-12
Schizophrenia	rs11191419	6E-19
Schizophrenia	rs11027857	3E-9
Schizophrenia	rs9420	2E-9
Schizophrenia	rs12421382	4E-8
Schizophrenia	rs2514218	3E-11
Schizophrenia	rs77502336	8E-9
Schizophrenia	rs55661361	3E-12
Schizophrenia	rs10791097	1E-12
Schizophrenia	rs75059851	4E-11
Schizophrenia	rs2007044	3E-18
Schizophrenia	rs679087	4E-8
Schizophrenia	rs12826178	2E-12
Schizophrenia	rs4240748	5E-8
Schizophrenia	rs10860964	5E-8
Schizophrenia	rs4766428	1E-9
Schizophrenia	rs2851447	2E-14
Schizophrenia	rs2068012	1E-8
Schizophrenia	rs2332700	5E-9
Schizophrenia	rs2693698	5E-9
Schizophrenia	rs12887734	1E-13
Schizophrenia	rs56205728	4E-9
Schizophrenia	rs12903146	3E-10
Schizophrenia	rs12148337	2E-8
Schizophrenia	rs8042374	2E-13
Schizophrenia	rs950169	2E-11
Schizophrenia	rs4702	8E-14
Schizophrenia	rs9922678	1E-8
Schizophrenia	rs7405404	1E-9
Schizophrenia	rs12691307	5E-11
Schizophrenia	rs12325245	2E-8
Schizophrenia	rs8044995	2E-8
Schizophrenia	rs4523957	3E-10
Schizophrenia	rs8082590	2E-8
Schizophrenia	rs9636107	3E-12
Schizophrenia	rs72934570	2E-11
Schizophrenia	rs2905426	4E-10
Schizophrenia	rs2053079	4E-9
Schizophrenia	rs56873913	5E-8
Schizophrenia	rs6065094	1E-11
Schizophrenia	rs7267348	5E-8
Schizophrenia	rs9607782	2E-11
Schizophrenia	rs6002655	2E-9
Schizophrenia	rs12845396	2E-8
Schizophrenia	rs1378559	2E-12
Schizophrenia	rs5937157	2E-10
Schizophrenia	rs211829	4E-8
Schizophrenia	rs12738007	2E-6
Schizophrenia	rs35245641	2E-6
Schizophrenia	rs35261864	6E-6
Schizophrenia	rs354225	3E-6
Schizophrenia	rs35659386	9E-6
Schizophrenia	rs35662245	1E-6
Schizophrenia	rs35998080	8E-11
Schizophrenia	rs36059107	7E-6
Schizophrenia	rs36104021	6E-6
Schizophrenia	rs36109662	4E-6
Schizophrenia	rs367543	8E-6
Schizophrenia	rs3735025	2E-9
Schizophrenia	rs3756766	2E-8
Schizophrenia	rs3768644	1E-7
Schizophrenia	rs3770752	3E-6
Schizophrenia	rs3788567	2E-11
Schizophrenia	rs3798869	9E-10
Schizophrenia	rs3812831	1E-6
Schizophrenia	rs3818802	2E-7
Schizophrenia	rs3849046	6E-9
Schizophrenia	rs385492	1E-8
Schizophrenia	rs3856261	3E-6
Schizophrenia	rs4084594	4E-6
Schizophrenia	rs41266839	7E-27
Schizophrenia	rs41268902	5E-6
Schizophrenia	rs4129585	8E-14
Schizophrenia	rs41314284	2E-6
Schizophrenia	rs4240624	8E-6
Schizophrenia	rs4240748	2E-7
Schizophrenia	rs4246774	9E-6
Schizophrenia	rs427230	4E-8
Schizophrenia	rs4273100	5E-7
Schizophrenia	rs4330281	3E-8
Schizophrenia	rs4388249	2E-7
Schizophrenia	rs4391122	2E-13
Schizophrenia	rs4459386	5E-6
Schizophrenia	rs4470825	3E-7
Schizophrenia	rs4523957	1E-9
Schizophrenia	rs4626214	7E-7
Schizophrenia	rs4629607	1E-6
Schizophrenia	rs4632195	4E-6
Schizophrenia	rs4642619	8E-11
Schizophrenia	rs4648845	2E-9
Schizophrenia	rs4669297	5E-6
Schizophrenia	rs4702	3E-12
Schizophrenia	rs4711350	9E-9
Schizophrenia	rs4727751	1E-6
Schizophrenia	rs4733770	8E-7
Schizophrenia	rs4740446	7E-6
Schizophrenia	rs4744901	8E-6
Schizophrenia	rs4766428	2E-10
Schizophrenia	rs4776059	4E-6
Schizophrenia	rs4879901	8E-6
Schizophrenia	rs4955124	8E-6
Schizophrenia	rs4968361	9E-6
Schizophrenia	rs498154	9E-6
Schizophrenia	rs4987094	6E-7
Schizophrenia	rs504918	2E-6
Schizophrenia	rs513088	7E-6
Schizophrenia	rs514209	5E-7
Schizophrenia	rs524732	1E-6
Schizophrenia	rs533123	2E-7
Schizophrenia	rs540425	3E-7
Schizophrenia	rs55661361	1E-12
Schizophrenia	rs55675132	2E-6
Schizophrenia	rs55833108	1E-8
Schizophrenia	rs55834529	9E-27
Schizophrenia	rs56038139	2E-7
Schizophrenia	rs56145559	1E-7
Schizophrenia	rs56205728	9E-8
Schizophrenia	rs56775891	9E-8
Schizophrenia	rs56873913	3E-7
Schizophrenia	rs5749696	7E-6
Schizophrenia	rs57549656	5E-7
Schizophrenia	rs5757717	6E-10
Schizophrenia	rs5769765	2E-7
Schizophrenia	rs582580	3E-6
Schizophrenia	rs58605417	6E-7
Schizophrenia	rs58950470	3E-6
Schizophrenia	rs59888335	5E-6
Schizophrenia	rs59979824	2E-8
Schizophrenia	rs6002655	6E-10
Schizophrenia	rs60037734	7E-6
Schizophrenia	rs6019826	2E-6
Schizophrenia	rs6035684	3E-7
Schizophrenia	rs6065094	3E-11
Schizophrenia	rs6065777	2E-6
Schizophrenia	rs6095357	7E-6
Schizophrenia	rs61021925	2E-6
Schizophrenia	rs61712019	1E-6
Schizophrenia	rs61747867	2E-7
Schizophrenia	rs61765555	9E-7
Schizophrenia	rs61826828	9E-6
Schizophrenia	rs61847307	4E-7
Schizophrenia	rs61867294	2E-6
Schizophrenia	rs61903125	8E-6
Schizophrenia	rs61935443	7E-6
Schizophrenia	rs62055045	1E-6
Schizophrenia	rs62064224	7E-6
Schizophrenia	rs62200787	2E-8
Schizophrenia	rs62244881	3E-7
Schizophrenia	rs62296447	6E-6
Schizophrenia	rs62355986	2E-6
Schizophrenia	rs62378245	1E-8
Schizophrenia	rs62392365	4E-15
Schizophrenia	rs62402013	4E-11
Schizophrenia	rs62544595	6E-6
Schizophrenia	rs6424555	3E-6
Schizophrenia	rs6430491	2E-6
Schizophrenia	rs6434928	5E-11
Schizophrenia	rs6466055	1E-9
Schizophrenia	rs6468049	2E-6
Schizophrenia	rs648516	1E-6
Schizophrenia	rs6500602	3E-7
Schizophrenia	rs6517329	8E-6
Schizophrenia	rs6549358	5E-6
Schizophrenia	rs6568685	7E-7
Schizophrenia	rs66691851	2E-11
Schizophrenia	rs6670165	5E-8
Schizophrenia	rs6678676	2E-6
Schizophrenia	rs6704641	2E-8
Schizophrenia	rs6707588	9E-7
Schizophrenia	rs6716963	6E-8
Schizophrenia	rs6736848	5E-6
Schizophrenia	rs67478160	6E-6
Schizophrenia	rs67682613	7E-19
Schizophrenia	rs679087	3E-8
Schizophrenia	rs67981189	2E-7
Schizophrenia	rs6800435	5E-7
Schizophrenia	rs6825268	4E-7
Schizophrenia	rs6868545	7E-7
Schizophrenia	rs6878284	2E-7
Schizophrenia	rs6917512	2E-6
Schizophrenia	rs6918586	6E-10
Schizophrenia	rs6919939	7E-6
Schizophrenia	rs6953837	7E-6
Schizophrenia	rs6981717	9E-6
Schizophrenia	rs6984242	7E-10
Schizophrenia	rs7002619	4E-6
Schizophrenia	rs7008026	6E-6
Schizophrenia	rs7020830	8E-6
Schizophrenia	rs7099380	1E-6
Schizophrenia	rs710369	7E-7
Schizophrenia	rs7122181	2E-7
Schizophrenia	rs7127399	6E-6
Schizophrenia	rs71391092	8E-6
Schizophrenia	rs715170	1E-8
Schizophrenia	rs7194676	2E-6
Schizophrenia	rs7266699	4E-6
Schizophrenia	rs7267348	5E-8
Schizophrenia	rs72697068	8E-6
Schizophrenia	rs72700829	3E-8
Schizophrenia	rs72749142	3E-6
Schizophrenia	rs72793138	4E-6
Schizophrenia	rs72882854	6E-6
Schizophrenia	rs72925918	7E-6
Schizophrenia	rs72926932	2E-6
Schizophrenia	rs72934570	7E-13
Schizophrenia	rs72963233	4E-6
Schizophrenia	rs72975629	4E-6
Schizophrenia	rs72986630	2E-8
Schizophrenia	rs7303433	3E-6
Schizophrenia	rs73044404	5E-6
Schizophrenia	rs73060317	8E-7
Schizophrenia	rs7314326	1E-6
Schizophrenia	rs73191547	4E-8
Schizophrenia	rs73201076	1E-6
Schizophrenia	rs73229090	2E-8
Schizophrenia	rs73388146	7E-9
Schizophrenia	rs73396800	4E-16
Schizophrenia	rs73405966	9E-6
Schizophrenia	rs7372960	7E-8
Schizophrenia	rs7383287	1E-7
Schizophrenia	rs7405404	1E-10
Schizophrenia	rs74338693	7E-6
Schizophrenia	rs74804370	2E-7
Schizophrenia	rs75059851	7E-12
Schizophrenia	rs75080020	6E-6
Schizophrenia	rs7521492	4E-7
Schizophrenia	rs7521837	9E-6
Schizophrenia	rs7523273	4E-7
Schizophrenia	rs7529073	6E-7
Schizophrenia	rs7531932	4E-6
Schizophrenia	rs7537052	3E-7
Schizophrenia	rs7539624	8E-6
Schizophrenia	rs7551222	5E-6
Schizophrenia	rs7551345	4E-6
Schizophrenia	rs75575209	1E-8
Schizophrenia	rs75608493	3E-7
Schizophrenia	rs7562618	5E-7
Schizophrenia	rs7577463	5E-7
Schizophrenia	rs75968099	2E-12
Schizophrenia	rs7599488	6E-7
Schizophrenia	rs7601312	4E-8
Schizophrenia	rs76049629	3E-6
Schizophrenia	rs7610761	5E-6
Schizophrenia	rs7617937	7E-6
Schizophrenia	rs7619427	9E-7
Schizophrenia	rs76329678	6E-7
Schizophrenia	rs76355118	3E-8
Schizophrenia	rs76405237	4E-6
Schizophrenia	rs7641070	6E-6
Schizophrenia	rs76432012	2E-7
Schizophrenia	rs76456399	6E-6
Schizophrenia	rs7648449	8E-6
Schizophrenia	rs76503615	8E-6
Schizophrenia	rs76832595	2E-6
Schizophrenia	rs76869799	1E-7
Schizophrenia	rs7688014	3E-6
Schizophrenia	rs76939711	3E-6
Schizophrenia	rs7712671	1E-6
Schizophrenia	rs77149735	6E-9
Schizophrenia	rs77221366	8E-7
Schizophrenia	rs77421486	5E-6
Schizophrenia	rs7742212	9E-6
Schizophrenia	rs77502336	4E-10
Schizophrenia	rs7779018	1E-7
Schizophrenia	rs778371	2E-12
Schizophrenia	rs77868089	3E-6
Schizophrenia	rs7786896	8E-6
Schizophrenia	rs7801375	9E-9
Schizophrenia	rs78037194	3E-6
Schizophrenia	rs7811528	4E-6
Schizophrenia	rs78177980	8E-6
Schizophrenia	rs7819570	2E-8
Schizophrenia	rs78226650	8E-6
Schizophrenia	rs783540	7E-8
Schizophrenia	rs78381888	2E-7
Schizophrenia	rs78392994	5E-6
Schizophrenia	rs7875611	6E-6
Schizophrenia	rs78901727	9E-6
Schizophrenia	rs7893279	6E-11
Schizophrenia	rs78944489	2E-6
Schizophrenia	rs7901794	7E-6
Schizophrenia	rs79090407	2E-6
Schizophrenia	rs79169085	4E-6
Schizophrenia	rs79193624	9E-8
Schizophrenia	rs79212538	3E-8
Schizophrenia	rs79258494	7E-6
Schizophrenia	rs793571	2E-6
Schizophrenia	rs7951870	4E-11
Schizophrenia	rs79844775	9E-6
Schizophrenia	rs79947808	8E-6
Schizophrenia	rs80021942	1E-7
Schizophrenia	rs8012642	2E-6
Schizophrenia	rs8016982	7E-6
Schizophrenia	rs8025470	8E-6
Schizophrenia	rs80353807	4E-6
Schizophrenia	rs8042374	1E-12
Schizophrenia	rs8044995	4E-8
Schizophrenia	rs8054347	1E-7
Schizophrenia	rs8066384	7E-6
Schizophrenia	rs8067545	1E-6
Schizophrenia	rs8082590	2E-8
Schizophrenia	rs8099121	2E-6
Schizophrenia	rs8133932	3E-6
Schizophrenia	rs832190	3E-8
Schizophrenia	rs876983	9E-8
Schizophrenia	rs893949	5E-7
Schizophrenia	rs9274623	6E-19
Schizophrenia	rs9293741	1E-6
Schizophrenia	rs9310732	3E-6
Schizophrenia	rs9316337	2E-6
Schizophrenia	rs9317639	5E-6
Schizophrenia	rs9330316	5E-8
Schizophrenia	rs9341835	4E-6
Schizophrenia	rs9362395	7E-7
Schizophrenia	rs9398171	4E-8
Schizophrenia	rs9403484	6E-6
Schizophrenia	rs9420	2E-8
Schizophrenia	rs9461856	4E-12
Schizophrenia	rs950169	3E-11
Schizophrenia	rs9545047	3E-6
Schizophrenia	rs9554348	3E-6
Schizophrenia	rs956096	8E-6
Schizophrenia	rs9584154	3E-7
Schizophrenia	rs9595066	4E-6
Schizophrenia	rs9607782	2E-11
Schizophrenia	rs9607791	7E-7
Schizophrenia	rs9611177	6E-7
Schizophrenia	rs9631085	2E-6
Schizophrenia	rs9636107	1E-12
Schizophrenia	rs9650682	9E-6
Schizophrenia	rs9665626	5E-9
Schizophrenia	rs9677260	9E-7
Schizophrenia	rs9695226	4E-7
Schizophrenia	rs975752	5E-6
Schizophrenia	rs9789483	1E-6
Schizophrenia	rs9841616	3E-8
Schizophrenia	rs9879311	5E-6
Schizophrenia	rs9881798	7E-6
Schizophrenia	rs9883949	9E-6
Schizophrenia	rs989197	7E-6
Schizophrenia	rs9908102	2E-6
Schizophrenia	rs9908552	3E-6
Schizophrenia	rs9922678	2E-9
Schizophrenia	rs9924758	2E-6
Schizophrenia	rs9990395	8E-6
Schizophrenia	rs9267119	1E-6
Schizophrenia	rs2296342	2E-6
Schizophrenia	rs1267813	4E-6
Schizophrenia	rs10123671	8E-6
Schizophrenia	rs114333818	7E-6
Schizophrenia	rs11592657	7E-6
Schizophrenia	rs13020137	5E-6
Schizophrenia	rs146641304	9E-6
Schizophrenia	rs200610334	8E-6
Schizophrenia	rs2455601	7E-6
Schizophrenia	rs3131888	7E-6
Schizophrenia	rs35553880	8E-6
Schizophrenia	rs4129575	8E-6
Schizophrenia	rs4646312	8E-6
Schizophrenia	rs61841072	7E-6
Schizophrenia	rs75094680	7E-6
Schizophrenia	rs10812882	1E-6
Schizophrenia	rs11211309	2E-6
Schizophrenia	rs11345859	5E-7
Schizophrenia	rs11864208	4E-6
Schizophrenia	rs12412942	8E-7
Schizophrenia	rs144759648	4E-6
Schizophrenia	rs2144051	4E-6
Schizophrenia	rs369019574	4E-6
Schizophrenia	rs41297816	1E-7
Schizophrenia	rs4685495	3E-6
Schizophrenia	rs55970365	4E-6
Schizophrenia	rs58880514	2E-6
Schizophrenia	rs6083	5E-6
Schizophrenia	rs67900830	4E-6
Schizophrenia	rs76569837	3E-6
Schizophrenia	rs66831316	3E-6
Schizophrenia	rs1001780	8E-6
Schizophrenia	rs10106298	9E-6
Schizophrenia	rs10124101	1E-6
Schizophrenia	rs10148671	2E-6
Schizophrenia	rs10218712	4E-6
Schizophrenia	rs1023500	3E-8
Schizophrenia	rs10262624	2E-6
Schizophrenia	rs1033023	2E-7
Schizophrenia	rs1033394	1E-6
Schizophrenia	rs1040393	7E-6
Schizophrenia	rs10425465	3E-8
Schizophrenia	rs1042992	2E-7
Schizophrenia	rs10446497	9E-6
Schizophrenia	rs10503253	1E-8
Schizophrenia	rs10520163	1E-8
Schizophrenia	rs10745841	1E-6
Schizophrenia	rs10777165	7E-6
Schizophrenia	rs10783624	2E-6
Schizophrenia	rs10788251	4E-6
Schizophrenia	rs10791097	2E-12
Schizophrenia	rs10838634	5E-8
Schizophrenia	rs10849689	6E-6
Schizophrenia	rs10853575	3E-6
Schizophrenia	rs10860964	9E-8
Schizophrenia	rs10862476	8E-6
Schizophrenia	rs10878577	6E-7
Schizophrenia	rs10883832	2E-16
Schizophrenia	rs10890032	7E-11
Schizophrenia	rs10891354	8E-6
Schizophrenia	rs10932194	4E-6
Schizophrenia	rs10967505	4E-7
Schizophrenia	rs10967586	5E-7
Schizophrenia	rs11004008	2E-6
Schizophrenia	rs11006253	2E-6
Schizophrenia	rs11039131	4E-6
Schizophrenia	rs11044946	8E-6
Schizophrenia	rs11063421	5E-6
Schizophrenia	rs11064837	7E-6
Schizophrenia	rs1106568	7E-9
Schizophrenia	rs1108252	3E-7
Schizophrenia	rs11104379	5E-7
Schizophrenia	rs111294930	4E-9
Schizophrenia	rs11139497	2E-9
Schizophrenia	rs111547017	1E-6
Schizophrenia	rs11156875	3E-7
Schizophrenia	rs111803315	3E-6
Schizophrenia	rs11191419	3E-18
Schizophrenia	rs11215609	9E-6
Schizophrenia	rs11231629	1E-6
Schizophrenia	rs112509803	7E-7
Schizophrenia	rs112537273	2E-7
Schizophrenia	rs112627313	4E-6
Schizophrenia	rs11264213	3E-6
Schizophrenia	rs112973353	1E-8
Schizophrenia	rs113731670	2E-6
Schizophrenia	rs114042773	9E-7
Schizophrenia	rs114200269	2E-19
Schizophrenia	rs1144403	8E-6
Schizophrenia	rs114473235	8E-7
Schizophrenia	rs114540395	1E-6
Schizophrenia	rs114726755	3E-6
Schizophrenia	rs11597473	1E-6
Schizophrenia	rs11599218	4E-6
Schizophrenia	rs11603151	7E-6
Schizophrenia	rs11616416	7E-6
Schizophrenia	rs11617058	1E-6
Schizophrenia	rs11625793	5E-7
Schizophrenia	rs11680328	1E-6
Schizophrenia	rs11682175	1E-12
Schizophrenia	rs11685299	4E-8
Schizophrenia	rs11690935	6E-6
Schizophrenia	rs11693094	4E-12
Schizophrenia	rs117074560	5E-9
Schizophrenia	rs11712112	4E-6
Schizophrenia	rs11717383	3E-9
Schizophrenia	rs11730701	1E-6
Schizophrenia	rs117358016	8E-6
Schizophrenia	rs11740474	5E-8
Schizophrenia	rs117488988	5E-6
Schizophrenia	rs117509195	5E-6
Schizophrenia	rs117578877	9E-7
Schizophrenia	rs117799466	2E-6
Schizophrenia	rs11784536	5E-6
Schizophrenia	rs11785400	8E-7
Schizophrenia	rs11790388	2E-6
Schizophrenia	rs11807834	8E-7
Schizophrenia	rs118162387	9E-6
Schizophrenia	rs11874716	6E-11
Schizophrenia	rs1191551	8E-8
Schizophrenia	rs11982256	1E-7
Schizophrenia	rs12069356	2E-6
Schizophrenia	rs1210898	3E-6
Schizophrenia	rs12129719	1E-6
Schizophrenia	rs12129731	6E-6
Schizophrenia	rs12138061	6E-6
Schizophrenia	rs12139672	4E-7
Schizophrenia	rs12142465	2E-7
Schizophrenia	rs12148337	3E-8
Schizophrenia	rs12190758	3E-7
Schizophrenia	rs12193070	7E-6
Schizophrenia	rs12195417	5E-6
Schizophrenia	rs12332385	2E-6
Schizophrenia	rs12360997	2E-8
Schizophrenia	rs12421382	4E-8
Schizophrenia	rs12431204	4E-6
Schizophrenia	rs12431410	6E-7
Schizophrenia	rs12432904	4E-6
Schizophrenia	rs12446487	1E-8
Schizophrenia	rs12447542	7E-7
Schizophrenia	rs12449000	5E-6
Schizophrenia	rs12474906	4E-8
Schizophrenia	rs12478234	1E-6
Schizophrenia	rs12487279	8E-6
Schizophrenia	rs12498839	2E-6
Schizophrenia	rs12510251	1E-7
Schizophrenia	rs1251350	4E-6
Schizophrenia	rs12519062	5E-6
Schizophrenia	rs12522290	5E-8
Schizophrenia	rs12540205	5E-6
Schizophrenia	rs12541491	3E-7
Schizophrenia	rs12554020	6E-6
Schizophrenia	rs12595305	4E-6
Schizophrenia	rs12652777	9E-6
Schizophrenia	rs12668848	1E-13
Schizophrenia	rs12681288	2E-6
Schizophrenia	rs12682527	5E-6
Schizophrenia	rs12691307	2E-10
Schizophrenia	rs12693217	7E-6
Schizophrenia	rs12704290	7E-11
Schizophrenia	rs12723316	4E-6
Schizophrenia	rs12755164	4E-7
Schizophrenia	rs12823424	5E-9
Schizophrenia	rs12826178	1E-11
Schizophrenia	rs12877581	4E-7
Schizophrenia	rs12883788	3E-7
Schizophrenia	rs12887386	7E-6
Schizophrenia	rs12887734	2E-13
Schizophrenia	rs12903146	4E-10
Schizophrenia	rs12908161	5E-10
Schizophrenia	rs12914626	1E-6
Schizophrenia	rs12938078	2E-6
Schizophrenia	rs12991836	4E-7
Schizophrenia	rs12997796	2E-6
Schizophrenia	rs13004237	4E-6
Schizophrenia	rs13017997	4E-6
Schizophrenia	rs13027106	3E-7
Schizophrenia	rs13096210	4E-11
Schizophrenia	rs13107325	2E-12
Schizophrenia	rs13110633	5E-6
Schizophrenia	rs13119516	5E-6
Schizophrenia	rs13168670	4E-7
Schizophrenia	rs13170232	5E-8
Schizophrenia	rs13176547	1E-6
Schizophrenia	rs13198474	3E-20
Schizophrenia	rs13217239	4E-15
Schizophrenia	rs13217619	2E-29
Schizophrenia	rs13217797	6E-6
Schizophrenia	rs13233308	3E-7
Schizophrenia	rs13240464	3E-13
Schizophrenia	rs13247936	1E-6
Schizophrenia	rs13276960	5E-6
Schizophrenia	rs1329313	3E-7
Schizophrenia	rs13301469	8E-7
Schizophrenia	rs133047	7E-10
Schizophrenia	rs1335882	4E-6
Schizophrenia	rs13358908	5E-7
Schizophrenia	rs13376709	6E-8
Schizophrenia	rs1339227	2E-7
Schizophrenia	rs13424309	6E-6
Schizophrenia	rs1351356	4E-6
Schizophrenia	rs1353545	5E-8
Schizophrenia	rs1360695	3E-7
Schizophrenia	rs1367858	3E-8
Schizophrenia	rs1389724	4E-6
Schizophrenia	rs139283246	9E-6
Schizophrenia	rs140130327	8E-7
Schizophrenia	rs140505938	4E-10
Schizophrenia	rs141216273	5E-6
Schizophrenia	rs141308780	3E-6
Schizophrenia	rs142089946	5E-7
Schizophrenia	rs142453246	9E-6
Schizophrenia	rs144223816	5E-6
Schizophrenia	rs144373461	6E-16
Schizophrenia	rs144447022	2E-28
Schizophrenia	rs144960271	1E-6
Schizophrenia	rs1451488	6E-8
Schizophrenia	rs146797905	4E-7
Schizophrenia	rs147897924	2E-6
Schizophrenia	rs148114321	9E-6
Schizophrenia	rs1482292	2E-6
Schizophrenia	rs1483242	7E-8
Schizophrenia	rs149110600	6E-6
Schizophrenia	rs1498232	7E-10
Schizophrenia	rs1499972	3E-6
Schizophrenia	rs1501357	1E-8
Schizophrenia	rs1506297	7E-7
Schizophrenia	rs1509378	2E-7
Schizophrenia	rs1516570	5E-6
Schizophrenia	rs1521470	9E-6
Schizophrenia	rs1524480	2E-6
Schizophrenia	rs1546044	5E-6
Schizophrenia	rs1561296	5E-6
Schizophrenia	rs1565411	9E-6
Schizophrenia	rs1682361	8E-7
Schizophrenia	rs16831047	4E-6
Schizophrenia	rs16863064	9E-6
Schizophrenia	rs16914811	6E-7
Schizophrenia	rs16937	5E-7
Schizophrenia	rs16971465	6E-6
Schizophrenia	rs17194490	1E-11
Schizophrenia	rs1734907	4E-6
Schizophrenia	rs17396122	1E-6
Schizophrenia	rs1765142	2E-6
Schizophrenia	rs17684571	4E-6
Schizophrenia	rs17687067	2E-7
Schizophrenia	rs17731	2E-6
Schizophrenia	rs17766408	4E-6
Schizophrenia	rs1805203	7E-6
Schizophrenia	rs181900	6E-8
Schizophrenia	rs1837495	7E-8
Schizophrenia	rs183823891	1E-7
Schizophrenia	rs185572712	1E-6
Schizophrenia	rs1858740	5E-6
Schizophrenia	rs1863824	5E-6
Schizophrenia	rs1864774	9E-7
Schizophrenia	rs187696124	7E-17
Schizophrenia	rs1878874	1E-7
Schizophrenia	rs189918	4E-6
Schizophrenia	rs190474885	1E-6
Schizophrenia	rs1914395	4E-7
Schizophrenia	rs1941342	1E-7
Schizophrenia	rs1962636	8E-6
Schizophrenia	rs1974653	8E-6
Schizophrenia	rs198160	3E-6
Schizophrenia	rs1986112	2E-6
Schizophrenia	rs1987778	2E-6
Schizophrenia	rs2007044	1E-17
Schizophrenia	rs2008905	8E-6
Schizophrenia	rs2018916	7E-9
Schizophrenia	rs2019872	7E-6
Schizophrenia	rs2026714	4E-7
Schizophrenia	rs2048656	1E-7
Schizophrenia	rs2053079	2E-9
Schizophrenia	rs2068012	2E-7
Schizophrenia	rs207282	3E-6
Schizophrenia	rs2072883	6E-6
Schizophrenia	rs2077586	2E-7
Schizophrenia	rs2094900	3E-6
Schizophrenia	rs210152	9E-10
Schizophrenia	rs2102949	2E-14
Schizophrenia	rs211829	7E-7
Schizophrenia	rs215411	7E-9
Schizophrenia	rs2159292	2E-6
Schizophrenia	rs2161300	6E-6
Schizophrenia	rs216452	9E-6
Schizophrenia	rs2185077	3E-6
Schizophrenia	rs2189246	5E-6
Schizophrenia	rs220519	5E-6
Schizophrenia	rs2205299	6E-6
Schizophrenia	rs2219089	8E-6
Schizophrenia	rs2237436	5E-7
Schizophrenia	rs2242194	2E-6
Schizophrenia	rs2247419	6E-7
Schizophrenia	rs227932	9E-7
Schizophrenia	rs2293052	7E-7
Schizophrenia	rs2298450	5E-6
Schizophrenia	rs2306864	1E-6
Schizophrenia	rs2332700	1E-9
Schizophrenia	rs2358740	5E-7
Schizophrenia	rs2381759	1E-8
Schizophrenia	rs2391672	2E-7
Schizophrenia	rs2413045	9E-6
Schizophrenia	rs2429030	3E-6
Schizophrenia	rs2470578	3E-7
Schizophrenia	rs2514218	2E-10
Schizophrenia	rs2535627	2E-11
Schizophrenia	rs2540277	7E-6
Schizophrenia	rs2565065	2E-7
Schizophrenia	rs2581794	3E-7
Schizophrenia	rs2596500	8E-20
Schizophrenia	rs2660304	1E-17
Schizophrenia	rs2693698	1E-8
Schizophrenia	rs270776	9E-7
Schizophrenia	rs27419	7E-6
Schizophrenia	rs2796441	2E-7
Schizophrenia	rs2811474	9E-6
Schizophrenia	rs281768	2E-14
Schizophrenia	rs2828478	4E-7
Schizophrenia	rs28375034	9E-7
Schizophrenia	rs28587833	8E-6
Schizophrenia	rs28669119	4E-6
Schizophrenia	rs2868985	3E-7
Schizophrenia	rs28730912	5E-8
Schizophrenia	rs2905426	5E-9
Schizophrenia	rs2905627	5E-7
Schizophrenia	rs2909457	6E-8
Schizophrenia	rs2917569	4E-7
Schizophrenia	rs2929278	6E-6
Schizophrenia	rs2945232	2E-8
Schizophrenia	rs2957613	5E-6
Schizophrenia	rs2973155	1E-9
Schizophrenia	rs2977125	4E-6
Schizophrenia	rs2977993	2E-6
Schizophrenia	rs3001723	3E-9
Schizophrenia	rs301797	5E-9
Schizophrenia	rs302010	2E-6
Schizophrenia	rs3132565	1E-9
Schizophrenia	rs314272	1E-6
Schizophrenia	rs324017	3E-7
Schizophrenia	rs337718	4E-6
Schizophrenia	rs34102591	3E-7
Schizophrenia	rs34232444	9E-6
Schizophrenia	rs34411452	4E-6
Schizophrenia	rs34626435	9E-8
Schizophrenia	rs34706883	5E-27
Schizophrenia	rs34753377	9E-8
Schizophrenia	rs34777351	4E-6
Schizophrenia	rs35058679	2E-6
Schizophrenia	rs35094601	7E-6
Schizophrenia	rs35123781	4E-6
Schizophrenia	rs10883795	8E-10
Schizophrenia	rs13268772	9E-6
Schizophrenia	rs4073405	1E-6
Schizophrenia	rs12561919	2E-7
Schizophrenia	rs1051061	1E-10
Schizophrenia	rs10077591	6E-7
Schizophrenia	rs115070292	5E-10
Schizophrenia	rs12949688	7E-6
Schizophrenia	rs10883765	3E-9
