Type 2 diabetes	rs864745	5E-14
Type 2 diabetes	rs12779790	1E-10
Type 2 diabetes	rs7961581	1E-9
Type 2 diabetes	rs7578597	1E-9
Type 2 diabetes	rs4607103	1E-8
Type 2 diabetes	rs9465871	3E-7
Type 2 diabetes	rs9939609	2E-7
Type 2 diabetes	rs358806	3E-6
Type 2 diabetes	rs1495377	7E-6
Type 2 diabetes	rs12304921	7E-6
Type 2 diabetes	rs7754840	4E-11
Type 2 diabetes	rs7756992	8E-9
Type 2 diabetes	rs1111875	3E-6
Type 2 diabetes	rs13266634	6E-8
Type 2 diabetes	rs7903146	2E-34
Type 2 diabetes	rs7903146	2E-10
Type 2 diabetes	rs13266634	3E-6
Type 2 diabetes	rs1111875	6E-10
Type 2 diabetes	rs13266634	5E-8
Type 2 diabetes	rs1801282	2E-6
Type 2 diabetes	rs7659604	9E-6
Type 2 diabetes	rs4506565	5E-12
Type 2 diabetes	rs7903146	5E-8
Type 2 diabetes	rs6712932	6E-6
Type 2 diabetes	rs10923931	4E-8
Type 2 diabetes	rs1153188	2E-7
Type 2 diabetes	rs9472138	4E-6
Type 2 diabetes	rs17036101	2E-7
Type 2 diabetes	rs4402960	8E-8
Type 2 diabetes	rs6931514	1E-11
Type 2 diabetes	rs7020996	2E-7
Type 2 diabetes	rs5015480	7E-8
Type 2 diabetes	rs5215	4E-7
Type 2 diabetes	rs7903146	3E-23
Type 2 diabetes	rs8050136	7E-6
Type 2 diabetes	rs5215	5E-11
Type 2 diabetes	rs1801282	2E-6
Type 2 diabetes	rs8050136	2E-17
Type 2 diabetes	rs5219	5E-7
Type 2 diabetes	rs5219	1E-9
Type 2 diabetes	rs10811661	7E-7
Type 2 diabetes	rs10946398	7E-7
Type 2 diabetes	rs13266634	7E-6
Type 2 diabetes	rs7903146	6E-16
Type 2 diabetes	rs7903146	9E-30
Type 2 diabetes	rs2237892	2E-42
Type 2 diabetes	rs4712524	3E-10
Type 2 diabetes	rs6769511	1E-9
Type 2 diabetes	rs2237897	1E-16
Type 2 diabetes	rs4712523	7E-20
Type 2 diabetes	rs2383208	2E-29
Type 2 diabetes	rs2237892	1E-26
Type 2 diabetes	rs4402960	1E-6
Type 2 diabetes	rs13266634	2E-14
Type 2 diabetes	rs1111875	7E-12
Type 2 diabetes	rs7903146	8E-12
Type 2 diabetes	rs9300039	6E-8
Type 2 diabetes	rs7903146	1E-8
Type 2 diabetes	rs8050136	7E-14
Type 2 diabetes	rs10946398	1E-8
Type 2 diabetes	rs5015480	5E-6
Type 2 diabetes	rs10811661	5E-6
Type 2 diabetes	rs564398	1E-6
Type 2 diabetes	rs10811661	5E-8
Type 2 diabetes	rs4402960	2E-9
Type 2 diabetes	rs7903146	2E-31
Type 2 diabetes	rs5219	1E-7
Type 2 diabetes	rs4402960	9E-16
Type 2 diabetes	rs7754840	4E-11
Type 2 diabetes	rs10811661	8E-15
Type 2 diabetes	rs8050136	1E-12
Type 2 diabetes	rs1801282	2E-6
Type 2 diabetes	rs13266634	5E-8
Type 2 diabetes	rs1111875	6E-10
Type 2 diabetes	rs5219	7E-11
Type 2 diabetes	rs4402960	9E-16
Type 2 diabetes	rs13266634	5E-8
Type 2 diabetes	rs7901695	1E-48
Type 2 diabetes	rs163182	2E-17
Type 2 diabetes	rs1436953	8E-6
Type 2 diabetes	rs3923113	1E-8
Type 2 diabetes	rs16861329	3E-8
Type 2 diabetes	rs1802295	4E-8
Type 2 diabetes	rs7178572	7E-11
Type 2 diabetes	rs2028299	2E-11
Type 2 diabetes	rs4812829	3E-10
Type 2 diabetes	rs7903146	2E-15
Type 2 diabetes	rs7172432	9E-14
Type 2 diabetes	rs10906115	1E-8
Type 2 diabetes	rs1359790	6E-9
Type 2 diabetes	rs1436955	7E-7
Type 2 diabetes	rs5015480	9E-6
Type 2 diabetes	rs6815464	2E-20
Type 2 diabetes	rs7041847	2E-14
Type 2 diabetes	rs6017317	1E-11
Type 2 diabetes	rs6467136	5E-11
Type 2 diabetes	rs831571	8E-11
Type 2 diabetes	rs9470794	2E-10
Type 2 diabetes	rs3786897	1E-8
Type 2 diabetes	rs1535500	2E-8
Type 2 diabetes	rs16955379	3E-7
Type 2 diabetes	rs17797882	9E-7
Type 2 diabetes	rs7542900	6E-6
Type 2 diabetes	rs7560163	7E-9
Type 2 diabetes	rs2722769	2E-6
Type 2 diabetes	rs7107217	3E-7
Type 2 diabetes	rs7018475	3E-8
Type 2 diabetes	rs515071	1E-8
Type 2 diabetes	rs7656416	1E-8
Type 2 diabetes	rs1327796	3E-6
Type 2 diabetes	rs10993738	5E-6
Type 2 diabetes	rs3916765	1E-6
Type 2 diabetes	rs8090011	8E-9
Type 2 diabetes	rs7178572	1E-8
Type 2 diabetes	rs7119	5E-7
Type 2 diabetes	rs2063640	3E-6
Type 2 diabetes	rs2833610	4E-6
Type 2 diabetes	rs6583826	7E-6
Type 2 diabetes	rs9295474	9E-6
Type 2 diabetes	rs7630877	7E-6
Type 2 diabetes	rs12027542	4E-7
Type 2 diabetes	rs17045328	7E-6
Type 2 diabetes	rs10460009	9E-6
Type 2 diabetes	rs1048886	3E-8
Type 2 diabetes	rs642858	2E-6
Type 2 diabetes	rs11677370	3E-6
Type 2 diabetes	rs7636	5E-6
Type 2 diabetes	rs10741243	5E-6
Type 2 diabetes	rs3773506	9E-6
Type 2 diabetes	rs472265	9E-6
Type 2 diabetes	rs3792615	9E-6
Type 2 diabetes	rs1374910	1E-7
Type 2 diabetes	rs1333051	6E-10
Type 2 diabetes	rs2237892	4E-6
Type 2 diabetes	rs7305618	2E-8
Type 2 diabetes	rs730570	8E-6
Type 2 diabetes	rs649891	6E-6
Type 2 diabetes	rs391300	3E-9
Type 2 diabetes	rs17584499	9E-10
Type 2 diabetes	rs2237895	1E-9
Type 2 diabetes	rs7593730	4E-8
Type 2 diabetes	rs243021	3E-15
Type 2 diabetes	rs4457053	3E-12
Type 2 diabetes	rs972283	2E-10
Type 2 diabetes	rs896854	1E-9
Type 2 diabetes	rs13292136	3E-8
Type 2 diabetes	rs231362	3E-13
Type 2 diabetes	rs1552224	1E-22
Type 2 diabetes	rs1531343	4E-9
Type 2 diabetes	rs7957197	2E-8
Type 2 diabetes	rs11634397	2E-9
Type 2 diabetes	rs8042680	2E-10
Type 2 diabetes	rs5945326	3E-10
Type 2 diabetes	rs7578326	5E-20
Type 2 diabetes	rs1387153	8E-15
Type 2 diabetes	rs13081389	2E-7
Type 2 diabetes	rs1470579	2E-9
Type 2 diabetes	rs1801214	3E-8
Type 2 diabetes	rs10440833	2E-22
Type 2 diabetes	rs849134	3E-9
Type 2 diabetes	rs3802177	1E-8
Type 2 diabetes	rs10965250	1E-10
Type 2 diabetes	rs5015480	1E-15
Type 2 diabetes	rs7903146	2E-51
Type 2 diabetes	rs4760790	4E-6
Type 2 diabetes	rs11642841	3E-8
Type 2 diabetes	rs4430796	2E-6
Type 2 diabetes	rs7903146	2E-40
Type 2 diabetes	rs7766070	7E-10
Type 2 diabetes	rs3802177	4E-8
Type 2 diabetes	rs11708067	6E-8
Type 2 diabetes	rs7903146	4E-21
Type 2 diabetes	rs9939609	1E-20
Type 2 diabetes	rs7766070	6E-11
Type 2 diabetes	rs5015480	2E-9
Type 2 diabetes	rs4402960	3E-9
Type 2 diabetes	rs10886471	7E-9
Type 2 diabetes	rs7403531	4E-9
Type 2 diabetes	rs10814916	6E-12
Type 2 diabetes	rs2383208	3E-17
Type 2 diabetes	rs11257655	7E-9
Type 2 diabetes	rs4430796	2E-11
Type 2 diabetes	rs12010175	2E-9
Type 2 diabetes	rs5945326	7E-16
Type 2 diabetes	rs10229583	2E-10
Type 2 diabetes	rs7754840	7E-10
Type 2 diabetes	rs2237892	1E-7
Type 2 diabetes	rs6723108	7E-8
Type 2 diabetes	rs10461617	4E-6
Type 2 diabetes	rs11165354	4E-6
Type 2 diabetes	rs7903146	1E-35
Type 2 diabetes	rs2055942	1E-6
Type 2 diabetes	rs791595	3E-13
Type 2 diabetes	rs11787792	2E-10
Type 2 diabetes	rs312457	8E-13
Type 2 diabetes	rs1861612	7E-8
Type 2 diabetes	rs8181588	5E-9
Type 2 diabetes	rs1470579	5E-14
Type 2 diabetes	rs6780569	4E-7
Type 2 diabetes	rs6815464	2E-7
Type 2 diabetes	rs7754840	2E-13
Type 2 diabetes	rs13266634	5E-7
Type 2 diabetes	rs10811661	1E-18
Type 2 diabetes	rs7903146	2E-15
Type 2 diabetes	rs1111875	2E-8
Type 2 diabetes	rs2237892	4E-29
Type 2 diabetes	rs7172432	1E-6
Type 2 diabetes	rs2028299	3E-6
Type 2 diabetes	rs4430796	4E-6
Type 2 diabetes	rs5945326	2E-12
Type 2 diabetes	rs75493593	5E-15
Type 2 diabetes	rs6813195	4E-14
Type 2 diabetes	rs9502570	1E-9
Type 2 diabetes	rs17106184	4E-9
Type 2 diabetes	rs3132524	4E-9
Type 2 diabetes	rs6808574	6E-9
Type 2 diabetes	rs702634	7E-9
Type 2 diabetes	rs1727313	1E-8
Type 2 diabetes	rs10510110	1E-7
Type 2 diabetes	rs1561927	1E-7
Type 2 diabetes	rs10190052	2E-7
Type 2 diabetes	rs10507349	2E-7
Type 2 diabetes	rs9472138	2E-7
Type 2 diabetes	rs7795991	7E-7
Type 2 diabetes	rs319598	2E-6
Type 2 diabetes	rs2820446	2E-6
Type 2 diabetes	rs4273712	3E-6
Type 2 diabetes	rs2812533	5E-6
Type 2 diabetes	rs6937795	7E-6
Type 2 diabetes	rs2284219	8E-6
Type 2 diabetes	rs10788575	9E-6
Type 2 diabetes	rs824248	8E-6
Type 2 diabetes	rs7903146	1E-14
Type 2 diabetes	rs2237897	9E-15
Type 2 diabetes	rs7903146	8E-75
Type 2 diabetes	rs7756992	2E-26
Type 2 diabetes	rs3923113	2E-6
Type 2 diabetes	rs17791513	3E-8
Type 2 diabetes	rs1111875	3E-19
Type 2 diabetes	rs11257655	3E-9
Type 2 diabetes	rs1552224	1E-7
Type 2 diabetes	rs163184	2E-14
Type 2 diabetes	rs849135	2E-9
Type 2 diabetes	rs5215	3E-11
Type 2 diabetes	rs17168486	3E-7
Type 2 diabetes	rs1535500	8E-6
Type 2 diabetes	rs16861329	9E-6
Type 2 diabetes	rs10830963	2E-7
Type 2 diabetes	rs2075423	2E-6
Type 2 diabetes	rs4812829	5E-8
Type 2 diabetes	rs8108269	5E-6
Type 2 diabetes	rs2261181	4E-8
Type 2 diabetes	rs1359790	6E-6
Type 2 diabetes	rs2028299	5E-7
Type 2 diabetes	rs9936385	1E-12
Type 2 diabetes	rs7041847	5E-6
Type 2 diabetes	rs4402960	1E-17
Type 2 diabetes	rs1801282	6E-10
Type 2 diabetes	rs4430796	9E-10
Type 2 diabetes	rs12899811	6E-7
Type 2 diabetes	rs10811661	1E-27
Type 2 diabetes	rs12427353	4E-6
Type 2 diabetes	rs516946	2E-7
Type 2 diabetes	rs10842994	8E-6
Type 2 diabetes	rs7845219	6E-8
Type 2 diabetes	rs7163757	4E-6
Type 2 diabetes	rs243088	3E-6
Type 2 diabetes	rs3802177	2E-18
Type 2 diabetes	rs4458523	2E-9
Type 2 diabetes	rs2796441	2E-6
Type 2 diabetes	rs2943640	7E-9
Type 2 diabetes	rs7612463	7E-9
Type 2 diabetes	rs7178572	2E-11
Type 2 diabetes	rs12571751	2E-10
Type 2 diabetes	rs11717195	2E-8
Type 2 diabetes	rs12970134	3E-8
Type 2 diabetes	rs2383208	3E-6
Type 2 diabetes	rs8050136	6E-6
Type 2 diabetes	rs7903146	3E-19
Type 2 diabetes	rs9552911	2E-8
Type 2 diabetes	rs17053082	4E-7
Type 2 diabetes	rs6426514	2E-6
Type 2 diabetes	rs4527850	2E-6
Type 2 diabetes	rs623323	4E-6
Type 2 diabetes	rs1470579	5E-6
Type 2 diabetes	rs7903146	6E-22
Type 2 diabetes	rs17053082	4E-7
Type 2 diabetes	rs1470579	4E-7
Type 2 diabetes	rs7903146	3E-35
Type 2 diabetes	rs1470579	4E-9
Type 2 diabetes	rs328506	2E-6
Type 2 diabetes	rs7903146	2E-38
Type 2 diabetes	rs1470579	2E-13
Type 2 diabetes	rs7903146	9E-75
Type 2 diabetes	rs1470579	2E-19
Type 2 diabetes	rs679992	1E-6
Type 2 diabetes	rs12613372	2E-7
Type 2 diabetes	rs2244020	1E-6
Type 2 diabetes	rs10231619	4E-6
Type 2 diabetes	rs7003257	9E-6
Type 2 diabetes	rs17359493	1E-7
Type 2 diabetes	rs7903146	5E-44
Type 2 diabetes	rs3842770	3E-8
Type 2 diabetes	rs11043007	1E-7
Type 2 diabetes	rs2283228	1E-10
Type 2 diabetes	rs343092	9E-9
Type 2 diabetes	rs335810	7E-6
Type 2 diabetes	rs2244020	7E-9
Type 2 diabetes	rs17359493	1E-7
Type 2 diabetes	rs7903146	4E-94
Type 2 diabetes	rs2283228	5E-13
Type 2 diabetes	rs343092	3E-12
Type 2 diabetes	rs2290402	7E-6
Type 2 diabetes	rs231356	4E-8
Type 2 diabetes	rs335810	7E-6
Type 2 diabetes	rs7901695	1E-6
Type 2 diabetes	rs13424957	3E-6
Type 2 diabetes	rs7766070	9E-9
Type 2 diabetes	rs1873747	4E-6
Type 2 diabetes	rs34872471	8E-8
Type 2 diabetes	rs275856	1E-6
Type 2 diabetes	rs34669198	1E-6
Type 2 diabetes	rs75260059	9E-7
Type 2 diabetes	rs12496230	4E-6
Type 2 diabetes	rs138306797	3E-6
Type 2 diabetes	rs149049329	2E-6
Type 2 diabetes	rs11454281	9E-6
Type 2 diabetes	rs149358103	5E-6
Type 2 diabetes	rs9478961	2E-7
Type 2 diabetes	rs7978895	9E-6
Type 2 diabetes	rs79490558	1E-6
Type 2 diabetes	rs78319313	3E-6
Type 2 diabetes	rs6506284	3E-6
Type 2 diabetes	rs138128600	2E-7
Type 2 diabetes	rs189178161	8E-6
Type 2 diabetes	rs13036344	9E-6
Type 2 diabetes	rs11240074	6E-6
Type 2 diabetes	rs4703911	7E-6
Type 2 diabetes	rs73954691	3E-6
Type 2 diabetes	rs35209784	5E-6
Type 2 diabetes	rs1116357	7E-10
Type 2 diabetes	rs147538848	8E-10
Type 2 diabetes	rs1575972	2E-9
Type 2 diabetes	rs9309245	1E-8
Type 2 diabetes	rs67156297	2E-8
Type 2 diabetes	rs7107784	2E-8
Type 2 diabetes	rs67839313	2E-8
Type 2 diabetes	rs35668226	3E-7
Type 2 diabetes	rs377457	6E-7
Type 2 diabetes	rs79976124	2E-6
Type 2 diabetes	rs73230612	3E-6
Type 2 diabetes	rs2946504	4E-6
Type 2 diabetes	rs2688419	5E-6
Type 2 diabetes	rs1116357	5E-6
Type 2 diabetes	rs147538848	8E-13
Type 2 diabetes	rs1575972	6E-15
Type 2 diabetes	rs67156297	5E-6
Type 2 diabetes	rs7107784	1E-11
Type 2 diabetes	rs67839313	2E-10
Type 2 diabetes	rs55783344	5E-6
Type 2 diabetes	rs78627331	2E-14
Type 2 diabetes	rs34773007	2E-14
Type 2 diabetes	rs35072907	1E-7
Type 2 diabetes	rs780093	2E-6
Type 2 diabetes	rs1845900	2E-14
Type 2 diabetes	rs9828933	1E-7
Type 2 diabetes	rs79223353	7E-6
Type 2 diabetes	rs1470579	2E-24
Type 2 diabetes	rs73069940	1E-12
Type 2 diabetes	rs459193	1E-10
Type 2 diabetes	rs35612982	6E-36
Type 2 diabetes	rs62481355	3E-7
Type 2 diabetes	rs806215	8E-10
Type 2 diabetes	rs4731420	8E-8
Type 2 diabetes	rs12549902	1E-12
Type 2 diabetes	rs13266634	9E-13
Type 2 diabetes	rs4258054	6E-8
Type 2 diabetes	rs2383208	5E-33
Type 2 diabetes	rs13292262	6E-6
Type 2 diabetes	rs2506125	3E-6
Type 2 diabetes	rs28642252	1E-8
Type 2 diabetes	rs11257655	1E-12
Type 2 diabetes	rs703980	3E-8
Type 2 diabetes	rs7087591	6E-20
Type 2 diabetes	rs34872471	3E-23
Type 2 diabetes	rs2237896	3E-70
Type 2 diabetes	rs117601636	1E-7
Type 2 diabetes	rs77106637	3E-6
Type 2 diabetes	rs3751237	2E-6
Type 2 diabetes	rs11616380	3E-6
Type 2 diabetes	rs79548680	4E-6
Type 2 diabetes	rs1421085	4E-15
Type 2 diabetes	rs75418188	8E-11
Type 2 diabetes	rs10908278	4E-15
Type 2 diabetes	rs7507912	9E-8
Type 2 diabetes	rs8032416	5E-9
Type 2 diabetes	rs34872471	6E-53
Type 2 diabetes	rs11927381	3E-14
Type 2 diabetes	rs849134	6E-13
Type 2 diabetes	rs13266634	1E-11
Type 2 diabetes	rs7766070	2E-11
Type 2 diabetes	rs10811661	2E-10
Type 2 diabetes	rs9273401	2E-9
Type 2 diabetes	rs3768321	2E-9
Type 2 diabetes	rs6857	7E-9
Type 2 diabetes	rs9687833	3E-9
Type 2 diabetes	rs2237896; rs163184; rs1049549; rs3888647	1E-14
Type 2 diabetes	rs2237896; rs163184; rs1049549; rs3888647	7E-11
Type 2 diabetes	rs11717195	5E-6
Type 2 diabetes	rs7903146	1E-11
Type 2 diabetes	rs163184	1E-7
Type 2 diabetes	rs10830963	2E-7
Type 2 diabetes	rs7403531	6E-6
Type 2 diabetes	rs2283228	8E-13
Type 2 diabetes	rs10761745	5E-6
Type 2 diabetes	rs163177	1E-6
Type 2 diabetes	rs60780116	2E-10
Type 2 diabetes	rs9271774	1E-9
Type 2 diabetes	rs6918311	7E-9
Type 2 diabetes	rs1182436	2E-8
Type 2 diabetes	rs635634	2E-8
Type 2 diabetes	rs2292626	2E-13
Type 2 diabetes	rs1061810	4E-10
Type 2 diabetes	rs111669836	4E-8
Type 2 diabetes	rs10146997	2E-9
Type 2 diabetes	rs2925979	2E-9
Type 2 diabetes	rs7224685	3E-10
Type 2 diabetes	rs78761021	3E-8
Type 2 diabetes	rs79349575	4E-8
Type 2 diabetes	rs10498828	9E-6
Type 2 diabetes	rs989128	4E-6
Type 2 diabetes	rs8192675	1E-7
Type 2 diabetes	rs797973	2E-6
Type 2 diabetes	rs4846569	1E-7
Type 2 diabetes	rs11656775	7E-7
Type 2 diabetes	rs1904096	2E-6
Type 2 diabetes	rs137848	6E-8
Type 2 diabetes	rs1019029	6E-6
Type 2 diabetes	rs367943	6E-7
Type 2 diabetes	rs6438234	3E-6
Type 2 diabetes	rs4975241	5E-7
Type 2 diabetes	rs917195	7E-6
Type 2 diabetes	rs10841855	2E-6
Type 2 diabetes	rs2548724	6E-7
Type 2 diabetes	rs62530366	9E-6
Type 2 diabetes	rs816750	3E-7
Type 2 diabetes	rs4809627	5E-6
Type 2 diabetes	rs1625526	5E-6
Type 2 diabetes	rs17815608	3E-6
Type 2 diabetes	rs182719694	6E-6
Type 2 diabetes	rs6691335	5E-7
Type 2 diabetes	rs13268287	1E-6
Type 2 diabetes	rs6134031	1E-8
